player,angle,length,angle_degrees
Eriksen,-1.4795471,30.727837,275.22819557917967
Eriksen,1.3593454,19.535097,77.8847543205227
Eriksen,-0.7393386,35.32209,317.63901858888903
Eriksen,-2.611471,31.643167,210.3737333791914
Eriksen,-0.8572741,17.72343,310.88181218412393
Eriksen,1.3939203,21.028076,79.86575016760956
Eriksen,-1.6288705,8.614523,266.6725949766358
Eriksen,-1.252346,9.581754,288.2458597099094
Eriksen,-1.2101045,24.368011,290.6661193802113
Eriksen,1.3699994,23.06339,78.49518355545507
Eriksen,-0.45629972,66.949684,333.8559518509988
Eriksen,-0.15160549,14.567086,351.3136452719872
Eriksen,1.0881397,58.819214,62.34581233063154
Eriksen,2.078533,15.220053,119.09116847866555
Eriksen,-0.16566019,32.140007,350.5083702796647
Eriksen,0.36397895,6.7416615,20.854457666603217
Eriksen,2.028365,14.713599,116.21675381205323
Eriksen,2.9669204,10.357606,169.992017071266
Eriksen,-0.37677968,44.845737,338.41211452971027
Eriksen,2.8153377,14.040655,161.30696811406833
Eriksen,2.4171517,15.0894,138.4925908528721
Eriksen,2.517095,27.36494,144.21892013348193
Eriksen,0.68075895,15.570806,39.00461470075743
Eriksen,1.2454997,17.835358,71.36187619481018
Eriksen,1.6378099,14.933519,93.8395949147434
Eriksen,0.16469944,36.59522,9.436582800168132
Eriksen,2.1103075,18.882002,120.91171322480396
Eriksen,-0.34555557,10.628264,340.2011242517625
Eriksen,-1.6110971,12.410076,267.69093578423366
Eriksen,0.8772888,62.418026,50.26494565409657
Eriksen,-0.65962875,6.2008066,322.2060565795099
Eriksen,0.09527382,29.433485,5.458787784089092
Eriksen,-0.75762755,5.0931325,316.59113894216324
Eriksen,-0.04823841,14.516887,357.2361426965783
Eriksen,2.4336648,15.532225,139.4387217895496
Eriksen,2.7950537,7.6550636,160.14478052242495
Eriksen,2.0200565,31.084562,115.74071182796878
Eriksen,1.5777892,28.600698,90.40066212132255
Eriksen,-2.7201734,6.3560996,204.1455446362485
Eriksen,2.7610862,18.848078,158.19858613181432
Eriksen,0.931274,15.080119,53.358069770266226
Eriksen,2.7331038,7.300685,156.59531271116745
Eriksen,2.3996453,9.767292,137.4895480184043
Eriksen,-2.7421997,33.43112,202.8835306079595
Eriksen,2.000796,31.904388,114.63716646665705
Eriksen,1.687127,52.55521,96.66525660256804
Eriksen,-0.12229172,18.034689,352.9932005746044
Eriksen,2.6273062,22.971504,150.53355674855416
Eriksen,-0.90240806,41.792942,308.29582676341164
Eriksen,2.8720036,15.769591,164.5536850263787
Eriksen,-1.565588,19.20026,270.29841514367246
Eriksen,0.59619915,10.151355,34.1596950442871
Eriksen,1.5707964,10.2,90.00000419434348
Eriksen,0.8938815,50.28807,51.2156373348233
Eriksen,1.3247029,21.755459,75.89988527874074
Eriksen,1.3125441,5.481788,75.20323735479708
Eriksen,-0.94445276,41.966175,305.88684290251797
Eriksen,-1.1642295,7.839005,293.29456326537394
Eriksen,1.6859866,12.180722,96.59991649561131
Eriksen,2.143924,16.781538,122.83779679680552
Eriksen,-0.16514868,6.0827627,350.53767764384344
Eriksen,1.5331572,23.916939,87.84343689009465
Eriksen,1.4766697,28.727165,84.60694154484942
Eriksen,-1.9268471,12.909686,249.59979340297792
Eriksen,0.7942475,7.9906197,45.50702963881685
Eriksen,-0.42707855,18.348024,335.53020156443307
Eriksen,-1.9561728,11.438969,247.9195545617111
Eriksen,1.300226,14.217243,74.49746221317699
Eriksen,1.6367201,51.61211,93.77715397423005
Eriksen,1.3932002,35.660904,79.8244914767822
Eriksen,-2.9969153,15.259423,188.28940175181705
Eriksen,-3.1071236,14.508618,181.9749312945054
Eriksen,1.7539071,13.72953,100.49147448802962
Eriksen,-0.816396,18.252123,313.2239547886376
Eriksen,2.6811247,28.129877,153.61712965827897
Eriksen,0.7629804,15.772445,43.71555677120335
Eriksen,2.9821193,14.483784,170.8628498945074
Eriksen,-1.4364749,7.467262,277.69605085352305
Eriksen,-1.9449401,17.511425,248.5631408642477
Eriksen,0.914484,59.324867,52.396073632241574
Eriksen,-2.913096,13.244244,193.09189388355793
Eriksen,2.7588966,25.440323,158.07313129299249
Eriksen,-0.020267494,14.8030405,358.8387581324933
Eriksen,-2.7644496,16.564117,201.6087052433714
Eriksen,1.6790669,4.6270943,96.20344689011465
Eriksen,2.436237,13.265368,139.58609799361315
Eriksen,2.7326849,9.80867,156.57131150912943
Eriksen,2.835567,34.18845,162.4660216265723
Eriksen,1.1814796,4.215448,67.6937946608047
Eriksen,2.1486983,5.491812,123.11134403693481
Eriksen,1.6642731,3.2140317,95.355824587154
Eriksen,0.58590174,26.403788,33.56969691137128
Eriksen,-0.35985526,10.7912,339.3818123664171
Eriksen,0.96380866,26.29753,55.222168476159325
Eriksen,-2.8454776,6.168468,196.96614282098534
Eriksen,1.0162101,29.054775,58.22454982856733
Eriksen,-0.7714456,15.204276,315.7994229960625
Eriksen,-1.0586107,26.730133,299.34607474261026
Eriksen,1.0342852,61.431263,59.260176772844254
Eriksen,-1.7839273,54.840862,257.78849475183176
Eriksen,0.467986,20.616741,26.813622671209345
Eriksen,1.1128521,23.523817,63.76172855227064
Eriksen,1.3559809,11.258775,77.69198267035094
Eriksen,-0.7150917,5.0328918,319.0282636251648
Eriksen,0.9638905,27.878666,55.226857562754674
Eriksen,1.5405025,13.206059,88.2642915793521
Eriksen,3.078848,19.13766,176.40499616229448
Eriksen,-1.7835916,36.93305,257.8077289450143
Eriksen,1.6661996,20.995476,95.46620490638595
Eriksen,-0.6356117,50.701576,323.58213218086456
Eriksen,1.7365221,28.490349,99.49538736119469
Eriksen,-0.8778491,21.44621,309.7029515206423
Eriksen,-3.002879,31.098713,187.94770691153485
Eriksen,0.072599456,11.029053,4.159642423745722
Eriksen,1.2149383,24.110579,69.61083695879907
Eriksen,1.6044915,8.905055,91.93059121461472
Eriksen,1.5619988,34.10132,89.49593884449918
Eriksen,-2.2888806,12.61507,228.8568018106284
Eriksen,0.83437854,43.326897,47.80636885828754
Eriksen,-2.4980915,10.5,216.8699002124949
Eriksen,-2.2518134,7.465253,230.98059592899574
Eriksen,1.4390341,16.745148,82.45058050540686
Eriksen,0.6940199,17.822739,39.76441116809144
Eriksen,2.4082801,14.940214,137.98428561534385
Eriksen,-1.1341692,18.20824,295.016891586271
Eriksen,1.7080494,18.271835,97.86402181985255
Eriksen,1.4578044,14.19049,83.52603947560127
Modrić,-2.2693057,20.370813,229.97836096501908
Modrić,0.4335149,25.234303,24.83857412603593
Modrić,2.1453993,16.559288,122.92232526032114
Modrić,-0.4480239,28.625164,334.33012140900877
Modrić,-1.653028,18.26171,265.28847218304855
Modrić,-0.094951704,12.657014,354.55966810322457
Modrić,-1.6828787,23.24586,263.5781530575374
Modrić,-0.09337317,30.030817,354.65011143924244
Modrić,-3.053697,26.201145,185.03604998823906
Modrić,0.45479828,25.268557,26.058021973809076
Modrić,-0.43900472,12.704723,334.84688235767754
Modrić,-1.5328399,15.811388,272.17474306074485
Modrić,-1.5830656,16.301228,269.2970224276546
Modrić,1.738892,16.73589,99.63117262906275
Modrić,1.2649175,9.962429,72.4744341822393
Modrić,-1.5076934,36.47259,273.61553138027057
Modrić,0.40710416,11.870131,23.325350190218586
Modrić,-1.1881891,17.678236,291.92177930655225
Modrić,1.5849596,35.30354,90.81149577874315
Modrić,-1.3876855,16.475437,280.4914775584986
Modrić,1.851096,13.736084,106.05998827354864
Modrić,-2.7559755,10.900458,202.0942354085432
Modrić,-0.8678938,45.480217,310.2733481944288
Modrić,1.903416,17.456804,109.0577034576731
Modrić,-2.221873,23.760681,232.69605448592924
Modrić,-1.7693295,17.238619,258.62488708200783
Modrić,-1.0137483,54.664158,301.91650092143794
Modrić,-1.1071488,10.062305,296.5650464670263
Modrić,-1.1624283,11.331814,293.3977644234329
Modrić,-2.3847582,7.427651,223.36341998078493
Modrić,-1.3932002,15.84929,280.1755085232178
Modrić,-1.9076116,33.5872,250.7019063698018
Modrić,-2.5247915,6.742403,215.3401028994956
Modrić,-2.2427595,16.86683,231.49934618712925
Modrić,-1.0871371,62.577713,297.7116324179083
Modrić,-2.7403638,10.754069,202.9887199295676
Modrić,-0.22370528,19.382982,347.1826316012077
Modrić,2.684987,12.701181,153.83842314749236
Modrić,-1.0789269,52.300095,298.1820422268666
Modrić,0.41741723,25.160286,23.91624557504157
Modrić,0.15387595,24.792942,8.81644250356608
Modrić,1.167298,28.270302,66.88124883406196
Modrić,0.42066336,8.325863,24.102235123792372
Modrić,-1.5024099,14.634207,273.91825363132796
Modrić,-1.4832464,32.022648,275.01624130202686
Modrić,2.2455373,7.0434365,128.6598100292022
Modrić,-0.1746722,10.357606,349.992020141735
Modrić,-0.5224034,7.615773,330.06848997671545
Modrić,1.3439975,16.009996,77.00538442613386
Modrić,-0.22317004,14.458562,347.21329859423423
Modrić,0.2522154,36.86638,14.450877948203862
Modrić,0.19580574,12.33572,11.218842506435925
Modrić,-3.0080636,13.520355,187.65065121307134
Modrić,1.5400368,13.006152,88.23760893483286
Modrić,0.75092906,12.31097,43.02506585172617
Modrić,-1.2103198,34.30481,290.6537835988821
Modrić,-3.1105947,12.9062,181.77605191423754
Modrić,0.3296244,8.032434,18.886086944532053
Modrić,-1.2220253,15.21611,289.9831078517917
Modrić,0.0,16.2,0.0
Modrić,-0.28638357,16.992058,343.59143011711063
Modrić,1.1147243,17.710167,63.86899771067503
Modrić,-2.4063196,21.16908,222.12804276039157
Modrić,-2.1527014,9.097252,236.65929522809637
Modrić,-1.250922,16.854969,288.32744889993603
Modrić,-1.4083606,30.298845,279.3068815874877
Modrić,-0.8017901,12.9417925,314.0608112146278
Modrić,1.8610612,8.036168,106.63095217555241
Modrić,0.4885535,25.141201,27.992053616344663
Modrić,0.6517459,16.980577,37.3422893849554
Modrić,-0.5404195,13.411189,329.0362434834298
Modrić,-1.3734008,20.90598,281.30993058010915
Modrić,2.373434,8.203658,135.98775115285304
Modrić,-1.8175172,13.921566,255.86393524756525
Modrić,2.69325,8.766413,154.31185817360895
Modrić,0.51806855,11.51043,29.683141413462263
Modrić,-1.825732,17.0511,255.39326187802118
Modrić,0.22923194,6.1611686,13.134022691596115
Modrić,-1.0945594,24.867046,297.2863659536283
Modrić,-1.8958042,9.708244,251.37842055682458
Modrić,-1.4931748,9.027182,274.4473858847092
Modrić,-0.44872335,14.983324,334.29004587602833
Modrić,2.6078844,7.6661596,149.420769578007
Modrić,-0.1665834,22.917242,350.4554742430604
Modrić,-2.5231647,6.382006,215.43331167360748
Modrić,-0.73235065,16.003124,318.03939863133746
Modrić,-0.94232506,22.622555,306.0087511325879
Modrić,-1.7082225,9.489468,262.1260602807137
Modrić,-0.94305325,13.961734,305.9670289189043
Modrić,-1.3339475,26.84958,283.5704381579726
Modrić,-1.0445002,12.143311,300.1545468394296
Modrić,2.0639014,24.294237,118.25283955114193
Modrić,-2.7392716,25.539186,203.05129837995176
Modrić,0.86328906,29.079546,49.4628196378161
Modrić,-0.7316864,6.5855904,318.07745735287904
Modrić,-0.7853982,9.899495,314.9999979028283
Modrić,0.71589005,22.39866,41.01747846040948
Modrić,-1.2381227,31.846035,289.0607947706578
Modrić,-0.58097696,11.843142,326.71247219765917
Modrić,-0.67003286,16.585836,321.60994498692
Modrić,-0.48921022,15.747064,331.9703190993335
Modrić,-1.3140227,37.01351,284.7120451056149
Modrić,-2.884269,5.894065,194.74355931958155
Modrić,-1.0276067,6.1911225,301.1224730906339
Modrić,0.9445349,11.601724,54.11786337281126
Modrić,-1.2252407,7.971198,289.79887900234536
Modrić,-2.5498164,7.34983,213.90628174675868
Modrić,2.918116,4.5122056,167.19573092959774
Modrić,-0.88187194,4.404543,309.4724597669858
Modrić,-0.19739556,31.10402,348.69006751737857
Modrić,0.9888912,13.645879,56.65929215762739
Modrić,0.43758717,18.878824,25.071898010073674
Modrić,-1.6332152,27.253073,266.42366200338535
Modrić,-1.096539,16.8609,297.1729432285042
Modrić,-0.9305029,24.940128,306.6861110053163
Modrić,1.0286833,40.508022,58.93921154558991
Modrić,1.1597317,4.2544093,66.44773177753214
Modrić,0.8504404,18.494595,48.726645647417534
Modrić,-3.0988836,11.710679,182.4470485176932
Modrić,-1.4673929,21.313845,275.92457994253755
Modrić,-1.6226017,13.518136,267.0317707592475
Modrić,-0.38437483,19.201042,337.9769444899415
Modrić,-0.6044215,16.892899,325.3691990030335
Modrić,-1.318841,10.429286,284.435976851187
Modrić,-1.0359447,30.801622,300.6447408810538
Modrić,-1.1700029,12.815616,292.9637718119331
Modrić,1.250761,18.436106,71.66332647956236
Modrić,-2.5083828,11.660618,216.28025215679193
Modrić,-0.047583103,16.819036,357.2736890219637
Modrić,-1.2634394,37.35037,287.610254709459
Modrić,-3.038068,15.482894,185.93152572624902
Modrić,2.3660302,21.5678,135.56354466049407
Modrić,-1.1864215,9.600521,292.0230553264196
Modrić,0.62604654,32.08489,35.86982452076808
Modrić,-0.87055755,23.277456,310.12072656175087
Modrić,0.98930407,21.30094,56.68294786611496
Modrić,-2.6597652,12.300406,207.6066795442307
Modrić,1.377912,13.041856,78.94854214043029
Modrić,1.2635375,10.911004,72.39536600651125
Modrić,1.437144,24.014162,82.34228575254917
Modrić,0.571155,32.92613,32.72477094779453
Modrić,-0.55986434,16.75858,327.92213621812266
Modrić,1.0773302,28.500175,61.726473601984885
Modrić,0.40786797,17.647663,23.369113279568477
Modrić,3.00858,14.326549,172.3789363274692
Modrić,-2.8828218,10.551303,194.8264777716929
Modrić,0.030066125,13.306014,1.7226620688127723
Modrić,-1.2880169,27.596014,286.2020676884762
Modrić,0.7853982,23.475945,45.00000209717174
Modrić,2.8679333,17.760912,164.32047401502658
Modrić,-1.5167948,29.643211,273.0940595726102
Modrić,0.24003637,29.444185,13.753070930640648
Modrić,-2.440897,15.0446005,220.1469036738559
Modrić,0.60228735,23.299786,34.50852320911864
Modrić,-2.0344439,11.85116,243.4349508738647
Modrić,2.1607037,14.560906,123.79920278830117
Modrić,-1.2609425,50.50515,287.7533165413252
Modrić,-0.348771,7.02282,340.0168936834428
Modrić,-0.89179105,7.324616,308.9041366274598
Modrić,1.8109673,15.1343975,103.760783126202
Modrić,-2.5124447,20.902153,216.04752242998774
Modrić,1.3620192,12.061924,78.03795177578478
Modrić,-0.9376499,13.520725,306.2766180691363
Modrić,0.8809963,36.298897,50.47736975664132
Modrić,-0.80552965,10.538027,313.8465507823496
Modrić,-0.15499674,19.432962,351.11934095971344
Modrić,-1.7776396,39.440716,258.14875342467616
Modrić,0.44151843,22.231958,25.297142616242272
Modrić,-3.1268878,20.402206,180.84252604905294
Modrić,-0.34500217,13.601471,340.23283173614504
Modrić,-1.4497185,26.493961,276.93724846796357
Modrić,1.5174489,20.629349,86.94341759676931
Modrić,0.8233546,11.18034,47.174743622682094
Modrić,-1.0348114,15.469324,300.70967418797596
Modrić,-1.2185984,12.465152,290.1794547586051
Modrić,1.0097831,48.304245,57.85630985363675
Modrić,0.0,11.7,0.0
Modrić,0.8480467,19.20026,48.589496739997074
Modrić,0.38588268,13.815933,22.1094489511973
Modrić,-1.9224524,14.80608,249.85159116520407
Modrić,2.877629,11.4982605,164.87599670445158
Modrić,0.30047718,7.4330344,17.21607425399275
Modrić,-0.58427125,7.4330344,326.523723284167
Modrić,-1.7604879,12.728315,259.13147344615066
Modrić,-1.5482438,39.91015,271.2921646027033
Modrić,-1.3417584,16.737085,283.1229065537739
Modrić,-0.7853982,9.192389,314.9999979028283
Modrić,-0.7853982,9.192389,314.9999979028283
Modrić,0.8913825,13.36862,51.072455181820104
Modrić,0.4115981,35.24344,23.58283398560361
Modrić,-0.6814794,11.588356,320.95410655489235
Modrić,1.9701893,16.71556,112.883531731834
Modrić,-2.0547457,8.811924,242.27174341734602
Modrić,1.2901186,11.552056,73.91835085132645
Modrić,0.0,10.1,0.0
Modrić,-0.32420754,12.870509,341.42427627168115
Modrić,-0.7131557,21.552261,319.1391882543021
Modrić,-0.7571038,14.996666,316.6211476066832
Modrić,-0.5910329,9.1525955,326.13630927662234
Modrić,-0.7664776,48.586933,316.0840684286835
Modrić,-1.7342727,9.831073,260.63349376524206
Modrić,-1.7503695,31.913164,259.71121506157584
Modrić,0.9817455,26.459213,56.249873705960766
Modrić,1.6283244,19.131649,93.29611579817205
Modrić,0.9756168,23.187065,55.89872506205893
Modrić,1.0892223,22.45373,62.40784074153241
Modrić,-0.3452449,12.114867,340.2189243315838
Modrić,-1.3462528,16.617159,282.8653964023303
Modrić,0.38633722,12.738916,22.135492174817177
Modrić,-1.0114665,14.511374,302.0472384311309
Modrić,-1.2633305,22.138203,287.61649421984794
Modrić,2.1428258,17.364332,122.77487457174422
Modrić,-1.192828,29.26568,291.65598991496904
Modrić,-0.5087298,5.9539905,330.85192954746555
Modrić,-0.5326677,37.61077,329.4803889070593
Modrić,0.47857186,14.983324,27.420147771725702
Modrić,-0.9073703,11.0421915,308.01151135448066
Modrić,0.97392195,21.883783,55.80161731015119
Modrić,1.7927424,23.168297,102.71657327415404
Modrić,1.1729773,48.26945,67.20664875465062
Modrić,0.81241864,20.938004,46.5481592697582
Modrić,0.6074446,9.986491,34.80401186801249
Modrić,-0.9156096,11.980818,307.5394342383385
Modrić,-1.207973,11.552056,290.7882453342434
Modrić,2.766022,18.811167,158.481386640335
Modrić,2.6856668,11.583178,153.87737281840535
Modrić,1.7870158,17.712425,102.38846326319442
Modrić,0.7853982,14.142136,45.00000209717174
Modrić,2.3896394,19.031815,136.91625217817435
Modrić,-0.8814869,23.584742,309.49452093392955
Modrić,1.7329952,16.71945,99.29331087643
Modrić,1.5707964,9.5,90.00000419434348
Pedri,2.323479,19.455847,133.125540487277
Pedri,1.8115938,34.804165,103.79667893206695
Pedri,-0.30400094,10.690183,342.5820291699902
Pedri,1.735455,33.553837,99.43424703487628
Pedri,0.8611458,31.769482,49.340019885416886
Pedri,-0.6989093,24.557688,319.9554468475573
Pedri,-0.9843135,18.249657,303.6029907322496
Pedri,2.237354,19.085073,128.19094147671277
Pedri,0.6839512,11.869709,39.18751715290807
Pedri,1.0713164,59.920364,61.381908243149105
Pedri,2.3036115,8.072174,131.98721658780084
Pedri,1.6460508,25.271526,94.31176370413277
Pedri,-0.013034644,53.704563,359.25316991134446
Pedri,2.646041,12.617845,151.60698171857587
Pedri,1.8477703,31.084723,105.86943969962198
Pedri,0.8631631,10.922454,49.45560266142863
Pedri,-1.3552209,14.024621,282.35156212207903
Pedri,3.0533867,14.757371,174.94617113137804
Pedri,-0.848728,14.524806,311.3714676454207
Pedri,1.5975457,29.9107,91.53262618927276
Pedri,0.7690062,8.627862,44.06080967939329
Pedri,-0.7853982,9.758074,314.9999979028283
Pedri,1.6778238,24.339268,96.13222250660193
Pedri,1.7150857,11.822859,98.26717211324045
Pedri,0.66501534,17.664087,38.10257229345747
Pedri,2.5323431,22.193016,145.09257190907536
Pedri,-0.90879893,18.383144,307.92965688499487
Pedri,1.3814263,12.218429,79.14989669837311
Pedri,-0.29544082,9.6166525,343.07248791811577
Pedri,1.5481586,26.506792,88.70295379688221
Pedri,-0.6119024,20.890429,324.9405750060741
Pedri,1.6379597,22.350391,93.84817782251446
Pedri,1.3411539,15.815183,76.84245814751046
Pedri,1.9032992,29.410883,109.05101131062597
Pedri,-0.4636476,16.77051,333.4349493386302
Pedri,0.9692287,14.312582,55.53271389295141
Pedri,-0.068441324,49.716396,356.0786009905126
Pedri,0.64470303,16.640013,36.9387626582961
Pedri,-1.9674616,28.73082,247.27275396594382
Pedri,-1.0722284,10.247438,298.56583800593495
Pedri,-1.8925469,25.614449,251.56505009943254
Pedri,0.99945885,14.978985,57.26477390199882
Pedri,-1.6306051,16.729914,266.57320971749243
Pedri,-1.8282841,31.022734,255.24703731912584
Pedri,-0.52278906,13.619104,330.0463932863884
Pedri,-0.10281082,12.666886,354.10937392572083
Pedri,-1.7062155,41.479755,262.24105291019646
Pedri,-2.1023455,29.001553,239.54447577167917
Pedri,-1.7196863,34.38037,261.46923292353165
Pedri,-1.825732,34.1022,255.39326187802118
Pedri,-2.5330706,14.869096,214.86574541132887
Pedri,-0.6835298,15.992811,320.83662728857877
Pedri,0.82537687,24.768528,47.290611158718015
Pedri,-2.54695,20.884922,214.07051436915498
Pedri,-1.4484595,12.291867,277.0093838543705
Pedri,0.32682666,12.459535,18.725788250357123
Pedri,0.6871242,5.0447993,39.36931666130308
Pedri,-2.965908,34.328415,190.06598917591302
Pedri,-1.7856807,25.793217,257.6880323320335
Pedri,-2.162819,27.596558,236.07959944929482
Pedri,0.03245613,15.408114,1.8595992683279365
Pedri,-0.67075163,11.74436,321.5687624994794
Pedri,-2.1453993,16.559288,237.07767473967886
Pedri,-0.18272156,9.355747,349.53082578595354
Pedri,-1.5629225,25.400787,270.4511370439646
Pedri,1.777387,17.062824,101.83677366141886
Pedri,1.8533512,12.91201,106.18920171550654
Pedri,1.7394836,23.229723,99.66506881222269
Pedri,2.90082,23.065342,166.20474312713947
Pedri,-0.51778185,18.18351,330.33328528652413
Pedri,1.6359215,27.658634,93.7313975647109
Pedri,1.859977,25.248365,106.56883209140432
Pedri,-0.66844094,27.26848,321.70115528424253
Pedri,2.014098,15.387333,115.39931492574009
Pedri,0.7179331,10.489042,41.13453660274368
Pedri,2.16868,14.0346,124.25621111443138
Pedri,1.2414702,8.348653,71.13100285126221
Pedri,1.4775424,13.960659,84.65694357163048
Pedri,-0.7824996,24.395287,315.1660754493249
Pedri,1.6181147,35.940228,92.71114307807736
Pedri,-0.85785174,17.582378,310.848715850046
Pedri,1.0048287,10.070253,57.57244364361714
Pedri,2.3114483,9.484725,132.43623215268894
Pedri,2.4508016,9.730879,140.42058810390938
Pedri,2.7277124,11.686745,156.2864082455006
Pedri,2.1529338,9.457801,123.35402031106247
Pedri,1.6500999,30.295214,94.5437600449592
Pedri,-1.0303768,20.40833,300.9637580518047
Pedri,1.7798193,23.61398,101.97613418592852
Pedri,-1.0151019,14.596232,301.8389453542891
Pedri,1.0834845,37.800133,62.07908901784224
Pedri,1.7667775,27.730848,101.22889408867479
Pedri,-0.41241044,19.210674,336.3706223608667
Pedri,1.8206372,14.964625,104.31482758451556
Pedri,2.5298657,8.184131,144.9506273449097
Pedri,1.7868084,32.658997,102.3765801185234
Pedri,-1.6828787,23.24586,263.5781530575374
Pedri,1.907659,25.111353,109.30080945014711
Pedri,1.6911792,24.980793,96.89743056031095
Pedri,1.8015512,17.05198,103.22128033672888
Pedri,2.4625874,21.973848,141.09586470209464
Pedri,0.55724305,23.447174,31.927674927997508
Pedri,-0.37915868,13.778606,338.2758078702487
Pedri,-0.6271982,36.80489,324.0641902217979
Pedri,1.8333658,26.1979,105.04412264362578
Pedri,-0.73563087,18.478365,317.85145586946305
Pedri,1.8289075,25.856527,104.7886808698226
Pedri,-0.5456551,13.102672,328.7362657002111
Pedri,-0.8808923,18.539957,309.52858900442806
Pedri,0.45979407,23.210558,26.34425965614274
Pedri,2.0481417,9.794897,117.3498752547496
Pedri,-0.8178777,19.597193,313.1390596321331
Pedri,1.5644673,31.600634,89.63737347622721
Pedri,1.4233592,10.210778,81.55247489111724
Pedri,1.7316585,26.846601,99.21672360795486
Pedri,0.61656624,12.624579,35.3266433422502
Pedri,1.7256442,20.748253,98.87212960122933
Pedri,1.0507822,14.288807,60.205385247471575
Pedri,-0.7301353,16.642416,318.1663288364818
Pedri,1.4970387,20.355343,85.7739992777514
Pedri,2.1719947,18.916924,124.44612943478339
Pedri,1.0460006,10.977249,59.93141974815182
Pedri,1.6047455,26.515278,91.94514434261104
Pedri,1.6622075,24.100622,95.23747442499179
Pedri,0.87887496,13.635982,50.35582592772904
Pedri,-0.8740541,6.3890533,309.9203890038944
Pedri,-0.12599568,15.119855,352.7809792991191
Pedri,-0.7656379,17.893295,316.1321796947406
Pedri,1.4118911,15.79905,80.89540116208327
Pedri,-0.7534941,26.600752,316.8279681819916
Pedri,0.2617135,5.7974133,14.99507899159707
Pedri,-0.8120585,10.610373,313.47247523227566
Pedri,1.6373645,13.529966,93.81407537454828
Pedri,-2.491574,21.480455,217.24332545547142
Pedri,-1.0387199,14.389232,300.4857336337491
Modrić,0.9044497,14.883883,51.821150591873455
Modrić,1.6721429,5.93043,95.80673091276607
Modrić,-2.2516816,10.167104,230.98814751273557
Modrić,0.41704923,8.640602,23.89516072818076
Modrić,2.4127378,3.753665,138.23969301167932
Modrić,-0.43662715,6.621178,334.9831070841745
Modrić,-1.8063413,43.706863,256.5042671498255
Modrić,0.9859187,26.62574,56.48898045302476
Modrić,0.82006633,24.480604,46.986339629782606
Modrić,-1.9425052,18.997368,248.70265035778414
Modrić,-1.1878976,7.7620873,291.93848102628033
Modrić,-2.562146,25.933184,213.19984770367418
Modrić,0.20026417,68.36636,11.474291728690435
Modrić,-2.9516044,5.295281,190.88552508775638
Modrić,-1.456864,20.231165,276.5278414754528
Modrić,-1.1659045,12.946815,293.1985928346895
Modrić,-0.18714581,47.83524,349.27733493344283
Modrić,-0.45577377,11.359577,333.8860865662337
Modrić,-0.6403565,6.3600316,323.3102751662309
Modrić,-1.192925,28.18865,291.6504322243563
Modrić,0.63502675,4.7201695,36.38435265290925
Modrić,-0.10308161,11.661903,354.09385880158646
Modrić,-1.5799704,32.701378,269.4743643244035
Modrić,-1.0230563,11.713667,301.3831918057302
Modrić,-0.47040427,6.618912,333.04782066406756
Modrić,-1.2605019,19.322784,287.77856106177865
Modrić,-1.5385494,12.40645,271.8476128076149
Modrić,1.1311442,27.958899,64.8097886807019
Modrić,-1.6898882,35.350388,263.17653829104046
Modrić,-0.22545837,11.1830225,347.0821869431011
Modrić,0.56050956,11.098198,32.114832164734786
Modrić,-0.8339038,14.583552,312.2208317400785
Modrić,0.8488965,24.5153,48.63818669342729
Modrić,-1.2685238,19.483326,287.31894004810266
Modrić,-1.8498098,19.24422,254.01370555806108
Modrić,-0.12808284,13.309019,352.6613938399506
Modrić,0.74978375,29.788084,42.959444422492034
Modrić,-2.0887837,10.704205,240.3215096742797
Modrić,0.475343,7.6478753,27.235147721087092
Modrić,-0.22082877,15.065855,347.34744348393485
Modrić,-1.5411754,27.011848,271.69715409061354
Modrić,0.66792905,11.46342,38.26951557918254
Modrić,1.3537273,33.895428,77.56286090164025
Modrić,-0.13815175,18.879883,352.08448779265353
Modrić,-1.735945,20.681393,260.5376780331623
Modrić,1.7033478,24.212393,97.59463998289384
Modrić,0.22290023,7.6902537,12.771242431495338
Modrić,-0.28950366,9.80816,343.41266212840964
Modrić,-1.9603441,30.808115,247.6805566766282
Modrić,0.9215371,20.840345,52.800186494725295
Modrić,-1.6006383,6.7029843,268.29018088300506
Modrić,-1.841547,27.294321,254.4871291250218
Modrić,0.58307654,22.521101,33.407824875090924
Modrić,-2.6779451,7.3790245,206.5650480022608
Modrić,0.752623,8.631338,43.12212146447456
Modrić,-3.068993,16.54358,184.15965374480695
Modrić,-1.4527043,11.882761,276.7661747294934
Modrić,-1.4734308,21.602314,275.57863375541547
Modrić,1.1912589,38.327538,68.25410727739698
Modrić,-2.9509537,5.80517,190.92280745148554
Modrić,-0.32409248,13.502963,341.43086872407196
Modrić,0.107827574,19.513329,6.178064905334568
Modrić,-1.6494718,24.17478,265.492227434153
Modrić,-3.1149323,7.502666,181.5275257410216
Pedri,2.9489894,24.554022,168.96464644881692
Pedri,-0.018346565,10.9018345,358.94881925693755
Pedri,1.3654009,12.25765,78.23170891336417
Kimmich,-2.5545812,27.984638,213.63327881653476
Pedri,-2.4042344,14.724809,222.24751591983224
Pedri,1.4488242,46.848053,83.01151191641789
Pedri,1.1008857,21.421951,63.0761043363053
Pedri,-2.3652852,15.556992,224.47914069524316
Pedri,-2.9352686,4.3931766,191.82149748272616
Pedri,2.2710352,11.638728,130.12073208564883
Kimmich,2.405659,14.301049,137.8341076476621
Pedri,0.5630494,16.673931,32.260354277373295
Pedri,-1.7463294,26.913565,259.9426957403866
Pedri,1.7837347,7.570997,102.20047008103404
Pedri,1.6929915,5.7428217,97.00126770152251
Kimmich,-0.041891646,16.714664,357.5997854873439
Kimmich,-0.50066775,12.083046,331.313850986689
Pedri,-1.4288993,16.263456,278.1301007608023
Pedri,-2.7859569,14.934524,200.37642772464966
Kimmich,-1.58229,17.40115,269.34146103424496
Kimmich,-0.8097836,17.4,313.60281740108996
Pedri,1.6829991,7.1449285,96.42874535431599
Pedri,-1.0508702,15.9012575,299.78957272393126
Kimmich,3.1264422,13.201515,179.13194295159602
Pedri,1.2234104,6.168468,70.09625253241184
Kimmich,1.4288993,38.183765,81.86989923919768
Pedri,0.11065722,18.110771,6.340191678650643
Pedri,-2.7020369,18.56475,205.18468954138754
Kimmich,2.7279034,13.433167,156.29735173938764
Kimmich,3.0035865,10.903669,172.09282985247063
Kimmich,-2.2132645,38.72002,233.1892852038676
Kimmich,1.9668778,11.923087,112.69379675797643
Pedri,-1.8844169,15.55892,252.0308647868739
Pedri,-2.738681,13.261975,203.0851372673322
Kimmich,-0.24997862,9.701547,345.6772801054954
Kimmich,1.2490457,7.5894666,71.56504702896356
Pedri,-0.17324567,16.243153,350.0737542900838
Kimmich,1.9631364,12.553884,112.47943032850618
Pedri,2.8874679,7.955501,165.43972414950284
Pedri,0.9119903,15.681837,52.25319514686981
Pedri,2.7216434,23.545912,155.9386801596357
Pedri,-0.11984181,19.237984,353.1335700777913
Pedri,-1.8116428,11.738825,256.2005135747369
Pedri,-1.5550495,12.701574,270.9022267160711
Pedri,-1.0269638,10.049875,301.1593085472828
Kimmich,-0.5047204,16.337074,331.0816512458453
Kimmich,0.569794,35.035126,32.64679139187723
Pedri,-0.87297845,29.10292,309.98201920912766
Pedri,-0.63219637,19.461243,323.777816175509
Pedri,-1.306454,13.778606,285.14569967201555
Pedri,3.006422,12.61507,172.25529203527998
Pedri,1.8827521,35.51408,107.87374919939272
Kimmich,-2.9133189,20.327322,193.07912265430446
Pedri,-0.33777878,25.649366,340.64670149692205
Pedri,-0.8704637,9.15478,310.1261037706582
Pedri,-1.9856504,21.08886,246.2306124915363
Pedri,-1.6736071,12.666886,264.1093766068709
Pedri,2.0234754,24.464056,115.93660036854607
Pedri,-0.9230422,37.62034,307.1135776275296
Kimmich,-2.2872503,27.713715,228.9502111199686
Pedri,2.5968904,48.054344,148.79085977804016
Pedri,0.3083585,28.33655,17.667640626984795
Kimmich,3.1284356,15.201316,179.2461563584774
Pedri,-1.0903906,8.0062475,297.52522059926247
Pedri,-1.0343609,21.523243,300.7354859366466
Kimmich,-0.9920977,68.56391,303.1569889253639
Kimmich,-1.8901829,26.752943,251.70049732220144
Kimmich,-2.0597303,22.99413,241.9861468747851
Kimmich,-0.23523238,12.442669,346.5221774211824
Kimmich,2.445809,24.49347,140.13453319511237
Pedri,-2.8672106,14.024621,195.72093364482754
Pedri,1.9151675,34.95211,109.73101481062109
Pedri,-2.2493367,20.552616,231.1225003861158
Pedri,-0.986454,37.886276,303.48034911620186
Pedri,-1.1312727,33.371845,295.18284881163066
Pedri,-2.0185723,14.089003,244.34432656798452
Pedri,2.9144268,20.42474,166.98435533981808
Kimmich,-1.0516502,36.28016,299.74488201591106
Kimmich,2.4165862,15.230561,138.46019008955744
Kimmich,2.8600214,12.596031,163.86715553709703
Pedri,-0.96113646,23.0532,304.93093730585554
Pedri,-1.5344487,11.00727,272.0825656106642
Pedri,2.1346185,26.383707,122.30463092054653
Pedri,1.0343609,12.913946,59.264514063353396
Pedri,0.56810474,11.151682,32.55000392337696
Pedri,2.1532843,15.088075,123.37410248178182
Kimmich,-0.6606668,23.303432,322.14658069558635
Pedri,-0.65320456,39.161842,322.57413555330004
Kimmich,0.07393904,2.7073972,4.236394933248974
Kimmich,-3.1156244,46.21558,181.48787133202057
Kimmich,1.3678418,31.751694,78.37156218157766
Kimmich,-0.69182116,21.945614,320.36156735415517
Kimmich,-2.1375256,14.342245,237.528804518831
Kimmich,1.4889688,37.926903,85.31162806665877
Kimmich,-1.4157996,6.477654,278.88065828368985
Kimmich,-0.8483778,7.864477,311.39153262740615
Kimmich,-1.2436982,5.9135437,288.7413421519826
Kimmich,-1.867641,8.888757,252.9920530544074
Kimmich,1.8751711,20.020239,107.43938989490404
Kimmich,-1.541144,23.610378,271.6989531780903
Kimmich,-2.4087775,21.525799,221.98721546392636
Kimmich,-1.418147,18.414125,278.7461621708608
Kimmich,-3.0080636,33.800888,187.65065121307134
Kimmich,-1.0577384,16.298466,299.3960538510795
Kimmich,1.5150167,19.730686,86.80406280183759
Kimmich,1.7934573,16.302454,102.75753402692794
Kimmich,1.756742,51.385796,100.65390229337127
Kimmich,-3.1277595,50.604843,180.7925813180514
Kimmich,1.9439445,25.23668,111.37981545766905
Kimmich,-2.3808808,22.917242,223.58557863626896
Kimmich,-1.199478,12.126417,291.27497298120704
Kimmich,-1.7423776,28.112808,260.16911720186647
Kimmich,0.8850668,28.42534,50.710592227149334
Kimmich,0.62521046,16.402744,35.82192066543278
Kimmich,2.268187,9.654015,129.95754224643966
Kimmich,1.6492864,8.927485,94.4971499283253
Kimmich,-1.2545102,23.148218,288.1218601838872
Kimmich,-1.0338856,24.4387,300.76271862064914
Kimmich,1.5762459,36.700546,90.31223754480001
Kimmich,-1.8199475,34.876926,255.7246893146146
Kimmich,-2.8261712,9.992997,198.0723180585767
Kimmich,-0.83693975,35.68557,312.0468846182658
Kimmich,-2.54867,22.548836,213.97196562839247
Kimmich,-0.8648764,16.03122,310.4462324795316
Kimmich,-0.55629116,18.369812,328.1268643515632
Kimmich,1.0012343,13.536986,57.366499693735314
Kimmich,1.4295216,22.726416,81.90555440278867
Kimmich,0.8004508,32.88419,45.862452547870355
Kimmich,1.4648119,4.726521,83.92753965053919
Kimmich,0.69165665,16.619267,39.62900691715715
Kimmich,-0.24892452,43.026154,345.73767558668015
Kimmich,-1.5584513,16.201235,270.7073179333235
Kimmich,2.476554,24.1456,141.8960919362421
Kimmich,1.0855694,18.65315,62.198544988549074
Kimmich,-2.6289978,26.506792,209.3695217108215
Kimmich,0.08228799,9.732934,4.714754531614723
Kimmich,-2.1112158,4.6647615,239.0362450186643
Kimmich,1.863429,16.292637,106.76661712228348
Kimmich,1.7939404,26.66102,102.78521361801072
Kimmich,1.4556453,41.77667,83.40233215805458
Kimmich,-2.0473673,27.684834,242.69449459690532
Kimmich,-0.8612756,12.126417,310.65254312240234
Kimmich,-1.8286906,35.679966,255.22374658475377
Kimmich,-1.8417432,14.945233,254.47588769308132
Kimmich,-1.8804992,18.374166,252.2553324622723
Kimmich,-0.4891198,14.047064,331.97549978371705
Kimmich,0.9848387,13.5624485,56.427101011150626
Kimmich,2.763047,9.470481,158.31093169628357
Kimmich,-0.16764244,19.77726,350.39479572072486
Kimmich,2.0365582,21.15325,116.68618959275982
Kimmich,-2.1122618,32.790546,238.9763136332936
Kimmich,0.68516594,37.452503,39.25711662811379
Kimmich,-1.6038421,24.213219,268.10661666460106
Kimmich,-0.65931004,20.242529,322.2243173173985
Kimmich,-0.2945464,18.601076,343.12373440922784
Kimmich,-2.4141939,10.978616,221.67687860377168
Kimmich,1.0206306,17.59659,58.47782582190492
Kimmich,1.541393,30.613232,88.31531347100851
Kimmich,-2.8514106,15.028307,196.62620696113424
Kimmich,-1.6748152,18.298906,264.0401575756411
Kimmich,1.6848036,39.556793,96.53213558844735
Kimmich,-0.70102185,14.26359,319.8344066485469
Kimmich,-1.0017388,13.176495,302.6045945855003
Kimmich,2.8132198,23.87572,161.18562138263755
Kimmich,1.7385179,19.168985,99.6097382779469
Kimmich,1.4247841,13.746272,81.63411564734544
Kimmich,1.1304003,9.617692,64.76716635032211
Kimmich,-1.1091408,22.450167,296.45091327423626
Kimmich,-1.7975951,16.009996,257.00538749660285
Kimmich,0.50751257,23.456556,29.07832831083776
Kimmich,-0.6825178,48.196682,320.894610617446
Modrić,-0.5128977,53.596455,330.61312646803293
Modrić,-0.9591993,18.809572,305.04192839809707
Modrić,-0.70077926,31.792137,319.848306031699
Modrić,3.0872982,9.213577,176.88915695833595
Modrić,-1.3986055,7.0035706,279.8658076462157
Modrić,2.3796644,15.065523,136.34472677753132
Modrić,-1.7525903,13.82787,259.5839725944332
Modrić,-1.0325476,47.40232,300.8393803736377
Modrić,1.5707964,7.4,90.00000419434348
Modrić,1.8036101,9.968952,103.33924661716836
Modrić,-1.1099111,16.189194,296.40677833527735
Modrić,-0.7378151,2.9732137,317.72630870897723
Modrić,-1.0927093,24.778215,297.39236887530546
Modrić,-1.9208412,6.706713,249.94390612515554
Modrić,0.45837063,16.94963,26.26270255175264
Modrić,1.8411217,17.225563,105.48850297995129
Modrić,0.12970254,6.958448,7.431408134126741
Modrić,-1.3033855,15.138032,285.32151177145147
Modrić,0.66308814,21.444113,37.992151867179864
Modrić,-2.3245308,15.634897,226.81419581183115
Modrić,3.0053453,12.515989,172.19360166947826
Modrić,-0.99093467,20.44138,303.223625635811
Modrić,0.5047204,16.337074,28.918348754154714
Modrić,1.7434778,26.1895,99.89391961475384
Modrić,-1.8033533,7.81025,256.6754669390106
Modrić,-1.9593763,16.100311,247.73600753204096
Modrić,-1.2071277,14.337712,290.8366774566658
Modrić,2.612346,12.280066,149.67640042788256
Modrić,-1.4067361,45.308388,279.3999585813067
Modrić,-1.4499594,14.102837,276.92344591467884
Modrić,-1.3675357,13.37535,281.6459760565313
Modrić,-1.0805475,40.352943,298.0891886865877
Modrić,3.0745292,13.43019,176.1575471497334
Modrić,-0.1993876,19.6901,348.57593203275735
Modrić,-1.2924967,39.31259,285.9453940554135
Modrić,-0.73442197,13.877319,317.92072073731646
Modrić,-1.244754,36.840874,288.68084926797275
Modrić,-2.845555,20.909567,196.96170812765104
Modrić,1.1260144,11.85327,64.51587279095568
Modrić,0.9953717,8.820431,57.030597456761924
Modrić,-1.7695506,28.868322,258.6122189851575
Modrić,-0.045751184,41.543472,357.37865024907353
Modrić,2.2404354,12.244183,128.3674926917044
Modrić,-1.7010077,16.943436,262.53943787074473
Modrić,-0.04034507,54.544384,357.68839776484015
Kimmich,-2.5097382,12.020815,216.20259345723989
Kimmich,-2.6399887,17.67767,208.73978952777117
Kimmich,-1.839846,28.215067,254.58458924597352
Kimmich,0.8092032,17.82414,46.36392812848066
Kimmich,-1.6305542,11.7209215,266.5761260726697
Kimmich,-0.9856306,39.10652,303.52752646105296
Kimmich,-1.6779116,18.707218,263.8627469239568
Kimmich,-2.3431404,27.084497,225.7479442734045
Kimmich,2.7819455,13.3544,159.39373598541155
Kimmich,-2.60927,16.944616,210.4998413898997
Kimmich,-1.2653487,11.638728,287.50085987763464
Kimmich,-1.9740778,16.30828,246.89367362952936
Kimmich,-2.199286,23.982702,233.99019425779125
Kimmich,-3.0113811,8.471718,187.46057246453668
Kimmich,-2.1303828,10.737783,237.93805681273705
Kimmich,-2.211382,20.580088,233.29714450880098
Kimmich,-2.4334598,21.985905,220.5730238452506
Kimmich,-0.12034585,21.65664,353.1046907130855
Kimmich,-2.2926962,24.5153,228.6381840343183
Kimmich,-1.7767876,13.689412,258.1975694288213
Kimmich,-1.3330581,30.147968,283.6213970242716
Kimmich,-1.0384738,8.472308,300.49983412508726
Kimmich,-2.2733803,17.951323,229.74490358181507
Kimmich,-2.5940304,4.802083,211.37300615136726
Kimmich,-2.5948038,10.770329,211.3286935954918
Kimmich,-2.2294269,14.541664,232.26324789706536
Kimmich,-1.2765617,24.137316,286.85840230195447
Kimmich,-1.9701893,16.71556,247.116468268166
Kimmich,-2.5324292,10.486181,214.90249492430854
Kimmich,-2.4736009,13.884164,218.273108230238
Kimmich,-1.80682,16.250538,256.4768396601726
Kimmich,-2.268964,18.667887,229.99793893287867
Kimmich,-2.0276413,13.148384,243.82471114358037
Kimmich,1.2707815,14.549914,72.81041663330403
Kimmich,-1.953283,9.377633,248.08512790534803
Kimmich,1.4382448,4.539824,82.40535694663718
Kimmich,0.6523309,9.060353,37.375807415970556
Kimmich,0.010134788,59.20304,0.5806805786598326
Kimmich,-1.5172199,31.74555,273.0697031367392
Kimmich,1.1194503,25.44838,64.13977756465385
Kimmich,-2.3647413,16.546904,224.51030386972033
Kimmich,-2.152536,13.28533,236.66877195002783
Kimmich,-2.5854263,13.069813,211.86598476787577
Kimmich,-1.5707964,8.3,269.9999958056565
Kimmich,-2.2016978,17.461386,233.8520082967616
Kimmich,-2.5084462,13.520725,216.2766196043708
Kimmich,-0.9776258,10.733592,303.9861677168993
Kimmich,-2.204819,16.880758,233.67317670974535
Kimmich,-2.4064314,12.6732,222.12163709224197
Kimmich,-2.5231647,19.146017,215.43331167360748
Kimmich,-3.0945685,17.018812,182.6942855358701
Kimmich,0.9780014,17.362316,56.03535257788583
Kimmich,-1.5614942,21.50093,270.53297260584316
Kimmich,2.5148497,10.7415085,144.09027391974124
Kimmich,-1.1792668,11.792371,292.43298944010184
Kimmich,-0.16120572,54.202766,350.7635926106323
Kimmich,1.4732805,9.2439165,84.41275468892368
Kimmich,-0.48057464,36.989864,332.4651013869811
Kimmich,1.2412486,32.445953,71.11830610652211
Kimmich,1.3620192,12.061924,78.03795177578478
Kimmich,1.2062703,8.134495,69.11419714197966
Kimmich,-1.1408439,19.912308,294.63445944675505
Kimmich,-0.6369956,21.520456,323.5028405515964
Kimmich,-2.3961732,7.0767226,222.7093886576431
Kimmich,0.017411176,40.206093,0.9975869011594707
Kimmich,0.42711034,17.139719,24.471619868397624
Kimmich,-2.020556,9.660746,244.23066893016443
Kimmich,-0.9265301,26.140007,306.9137356781659
Kimmich,-2.4461153,17.323395,219.84791710762278
Kimmich,1.1715314,32.66956,67.12380478705265
Kimmich,-1.1148705,34.74953,296.1226256463601
Kimmich,1.3694792,30.005999,78.46537829095237
Kimmich,-1.1337205,26.931767,295.04260020253855
Kimmich,1.7681919,7.648529,101.3099332392181
Kimmich,-0.6383198,19.300259,323.4269694803652
Kimmich,-1.6134245,21.119186,267.5575855869949
Kimmich,-1.1103033,28.353483,296.3843069305523
Kimmich,1.7181085,15.669716,98.44036579555261
Kimmich,1.0857615,33.45923,62.209551507793535
Kimmich,1.4361984,19.375242,82.28810686344161
Kimmich,-1.4119256,36.661697,279.10262213352354
Kimmich,-0.892677,18.49108,308.8533754316002
Kimmich,-0.42826414,10.113358,335.46227226120016
Kimmich,0.23624526,11.108555,13.535856327970807
Kimmich,1.1214335,15.654073,64.2534065545842
Kimmich,3.0276604,20.231165,173.47216271889062
Kimmich,1.2710779,30.143822,72.8273991023517
Kimmich,-1.3356729,36.915714,283.4715800200007
Kimmich,0.84693176,14.948244,48.525615383586754
Kimmich,-0.47783107,12.612692,332.6222963687798
Kimmich,-1.8552282,31.360006,253.7032541063474
Kimmich,-1.6407458,15.738488,265.99219040618414
Kimmich,-0.9269834,64.14,306.88776350131263
Kimmich,-0.7449086,33.19051,317.31988109700114
Kimmich,1.7131494,31.013706,98.15623029536927
Kimmich,0.99123234,19.720295,56.793429598876656
Kimmich,-1.4610351,24.648327,276.2888550495258
Kimmich,1.2830344,36.292286,73.51245609009987
Kimmich,0.6024451,32.64751,34.51756161833683
Kimmich,-1.7381064,22.818632,260.4138389353227
Kimmich,-1.6951513,15.31829,262.8749848738851
Kimmich,-0.571969,19.028662,327.2285902876818
Kimmich,1.6900623,24.37314,96.83343690417279
Kimmich,1.6105763,20.115913,92.27922457379593
Kimmich,-1.1648012,35.70224,293.2618072682263
Kimmich,-1.4720198,22.308743,275.65947810030843
Kimmich,-0.4291785,6.4884515,335.4098832922446
Kimmich,-0.48995733,35.7,331.92751284950145
Kimmich,1.9868609,23.505318,113.8387440495643
Kimmich,1.4030333,12.576566,80.38788660631228
Kimmich,-0.7494728,33.467747,317.0583717001476
Kimmich,1.1722739,30.923292,67.16634690334111
Kimmich,-0.6422786,16.360012,323.2001469484288
Kimmich,1.00748,15.730543,57.724351943840176
Kimmich,0.55100787,40.493084,31.570425429493124
Kimmich,-0.6216358,50.312027,324.3828922657615
Kimmich,0.8096149,40.88276,46.3875168009062
Pedri,-1.5778384,28.400703,269.5965189263254
Pedri,2.4724562,19.506409,141.66130529095335
Pedri,1.941219,33.148304,111.22365581060616
Pedri,-1.9854853,20.10398,246.24007202473388
Pedri,0.72567546,34.35593,41.57814115421459
Pedri,2.5475018,18.222239,145.96110144198033
Pedri,-2.730528,8.508819,203.55226975770233
Pedri,-0.11959816,23.467638,353.14753019446965
Pedri,2.0431018,10.331021,117.06111025558162
Pedri,-1.4559197,7.8517513,276.58194588004704
Pedri,0.70449406,10.499524,40.36453633003619
Pedri,-0.9406024,21.041862,306.10745228012394
Pedri,2.2166579,25.42007,127.00514229433209
Pedri,1.306378,28.697386,74.84994584874146
Pedri,-1.2160907,28.79236,290.32313538489007
Pedri,-0.10566558,6.6370173,353.94580822619804
Pedri,-2.929635,8.080841,192.14427898619107
Pedri,1.4200499,47.943718,81.3628659679746
Pedri,1.1614431,20.602184,66.54578777459082
Pedri,-1.1171986,26.7,295.98923534207574
Pedri,-1.5707964,12.8,269.9999958056565
Pedri,-0.6065392,25.437374,325.24786373075864
Pedri,-1.2131331,42.275288,290.49259338237795
Pedri,0.81419677,34.379646,46.6500386141838
Pedri,-1.4000611,8.828363,279.78240790955647
Pedri,2.7992427,19.958206,160.38479254280526
Pedri,-2.0763137,24.573563,241.03598804480782
Pedri,1.874646,24.732973,107.40930388108173
Pedri,-1.9678757,16.807735,247.24902778364748
Pedri,0.97459716,10.151355,55.840303993436216
Pedri,1.2709401,21.666796,72.8195037439348
Pedri,1.9629151,28.784718,112.46675077249994
Pedri,-1.0983641,30.545868,297.0683727013149
Pedri,2.504274,12.940248,143.48433094434472
Pedri,0.8777275,7.66942,50.290081312568965
Pedri,-2.0704644,24.836466,241.3711282479137
Pedri,2.9489894,24.554022,168.96464644881692
Pedri,-0.83824563,28.111385,311.97206320571524
Pedri,-1.5195591,7.81025,272.9356768493022
Pedri,2.4425464,23.776669,139.94759998487297
Pedri,-1.0049419,35.06565,302.42107047414197
Pedri,2.074329,19.066463,118.85029702159255
Pedri,-1.0209432,10.907795,301.5042635174193
Pedri,1.3624122,23.201939,78.06046901713341
Pedri,1.7284182,15.289539,99.03106809359862
Pedri,-1.6105481,17.613914,267.72239116718634
Pedri,-0.17219082,7.0035706,350.13419274310314
Pedri,1.9756881,11.423659,113.19858976422054
Pedri,0.7157436,9.14385,41.00908749349979
Pedri,1.7202526,26.191984,98.5632136764066
Pedri,1.9552449,14.131525,112.0272806844787
Pedri,2.1391935,18.391846,122.56675911181888
Pedri,-0.06027174,11.621101,356.54668367409016
Pedri,-0.648332,16.560194,322.85331267672433
Pedri,-0.023805026,8.402381,358.6360724790008
Pedri,2.0741956,23.631546,118.84265376460549
Pedri,-2.0506368,11.047625,242.5071660457873
Pedri,2.65747,13.106106,152.26181518263087
Pedri,-3.0162687,12.80039,187.18053361258856
Pedri,-1.6118691,14.612324,267.64670344244956
Pedri,2.5127964,19.042059,143.972628495667
Pedri,1.7081376,12.4169235,97.8690753076056
Pedri,-2.2088823,11.080162,233.44036676884986
Pedri,0.52984905,16.224672,30.358114344016133
Pedri,-3.0750246,18.039955,183.81406852109583
Pedri,-2.8876536,13.534031,194.54963602424158
Pedri,1.8604294,31.512537,106.59475270205603
Pedri,-0.6508002,13.700365,322.7118952337301
Pedri,2.0256464,30.501148,116.06098950586895
Pedri,1.769575,28.35842,101.38917903186264
Pedri,-0.5906204,10.5948105,326.1599437856715
Pedri,1.6930408,35.263153,97.0040923834525
Pedri,1.0897324,43.654667,62.43706731866203
Pedri,-1.9631364,12.553884,247.52056967149383
Pedri,-0.9342881,11.44028,306.4692350207034
Pedri,0.72938204,15.155857,41.79051254464219
Pedri,1.7281388,42.120304,99.01505965280266
Pedri,1.9440982,25.775183,111.38862181898023
Pedri,1.0278451,13.548431,58.89118622320205
Pedri,-0.6061353,10.707474,325.271005496104
Pedri,-1.1151009,22.495556,296.10942469876034
Pedri,1.9335606,14.653668,110.78486181278316
Pedri,2.7205257,17.860012,155.87464066687394
Pedri,-0.33929262,12.61943,340.559964854064
Pedri,1.4814824,33.63406,84.88268894291203
Modrić,-2.426873,16.02061,220.95041968574736
Modrić,-3.1217933,10.10198,181.13441939778232
Modrić,-1.098553,15.608331,297.0575495285649
Modrić,-0.8635795,15.391232,310.52053937598214
Modrić,-2.0472639,10.465658,242.70041898050698
Modrić,1.7510833,20.634438,100.32968266584058
Modrić,-1.560044,9.300538,270.616062945293
Modrić,1.8007008,4.8270073,103.17255600583096
Modrić,0.76147926,14.782761,43.629547784745085
Modrić,-1.1979953,21.68986,291.35992543349107
Modrić,-1.402306,19.678669,279.6537846141276
Modrić,-2.0119092,37.70968,244.72609407645817
Modrić,-0.67980164,15.430165,321.05023512192827
Modrić,0.9041035,15.524175,51.80131479300602
Modrić,1.7624449,27.299816,100.98065439435642
Modrić,-2.003204,21.476732,245.22486529627542
Modrić,1.8468933,6.2361846,105.819191300989
Modrić,0.69899964,9.013878,40.04972925316392
Modrić,-1.9403827,11.903781,248.82426064980064
Modrić,-0.81986725,8.207314,313.02506681400286
Modrić,-1.9666468,14.523085,247.31943856709108
Modrić,2.6196356,17.650213,150.09406374222112
Modrić,2.6476512,13.288341,151.69923938274783
Modrić,2.685244,12.253979,153.85314816282724
Modrić,2.278267,28.157593,130.53508370393152
Modrić,-1.7580502,9.669023,259.27114336786974
Modrić,0.7786869,10.536128,44.615472932125584
Modrić,0.109089,21.125576,6.250339291302637
Modrić,2.1866064,20.94803,125.2833181762947
Modrić,0.5208142,14.871785,29.84045557048236
Modrić,-2.0752375,10.965857,241.0976497627198
Modrić,-1.8186078,17.123083,255.80144847042828
Modrić,0.892677,4.62277,51.146624568399794
Modrić,-2.2455373,14.727186,231.3401899707978
Modrić,-1.4553125,25.167639,276.6167358773674
Modrić,-3.1068242,23.013908,181.99208565089162
Modrić,-2.8453143,19.865547,196.9754992217798
Modrić,-1.3010634,17.637743,285.4545583010588
Modrić,-1.3909428,11.18034,280.3048480158906
Modrić,0.7602462,22.49311,43.55889865085869
Modrić,-1.4960175,30.786036,274.28451117228735
Modrić,3.1415927,8.8,180.000002659109
Modrić,-1.2742505,7.528612,286.9908243075651
Modrić,-1.392106,23.067293,280.23820156516103
Modrić,0.051237166,11.715375,2.935673366011198
Modrić,-1.7211678,10.012992,261.384349226183
Modrić,-2.2178435,5.6400356,232.92692782947722
Modrić,0.4551008,20.93036,26.075355093027376
Modrić,0.43797565,31.360006,25.094156274498914
Modrić,1.83744,44.782585,105.27755710851798
Modrić,-2.4956346,16.280048,217.01067021318062
Modrić,-0.97219807,20.941109,304.2971537382358
Modrić,-1.0962201,40.92249,297.191214852591
Modrić,-1.855374,15.316005,253.6949003816944
Modrić,-0.4636476,21.01904,333.4349493386302
Modrić,0.7853982,16.263456,45.00000209717174
Modrić,-1.0578613,9.984989,299.38901219977737
Modrić,-0.5988381,17.917868,325.68910425836685
Modrić,2.9878852,7.184706,171.19321162960188
Modrić,0.17573829,10.867382,10.06906231584612
Modrić,-2.087615,15.988121,240.38847125179666
Modrić,-0.08782382,47.88455,354.96806577328334
Modrić,1.4651307,6.6370173,83.94580554504796
Modrić,2.852089,9.80816,163.41266249568744
Modrić,0.2128086,20.359274,12.19303462408773
Modrić,-2.346849,7.566373,225.53545714550225
Modrić,-3.0053453,12.515989,187.80639833052174
Modrić,0.16162136,9.321481,9.260221807164502
Modrić,-1.5822244,17.501143,269.34521963738104
Modrić,-1.6523459,20.869356,265.3275536342544
Modrić,-1.1888629,52.050457,291.8831734103164
Modrić,-2.9606662,8.336066,190.3663221929647
Modrić,0.12033087,30.822882,6.894450996137373
Modrić,-1.8614337,23.380547,253.34770514657896
Modrić,3.1278949,14.60137,179.21517653049466
Modrić,-1.194306,9.247703,291.5713067528487
Modrić,-0.067856826,10.323759,356.1120902590464
Modrić,-2.3099313,15.2898655,227.65068554483238
Modrić,-1.3057535,7.253275,285.18583536556446
Modrić,-0.44501624,14.402778,334.50244763321905
Modrić,1.259426,9.139475,72.15979440904322
Modrić,-1.7885281,11.573245,257.52488832944795
Modrić,0.33379817,13.124405,19.12522635019037
Modrić,-2.55359,7.2111025,213.6900703931881
Modrić,3.0353277,7.542546,173.91146664915127
Modrić,-2.0172782,10.421612,244.4184730362524
Modrić,-1.6010901,6.6030297,268.26429464982107
Modrić,-1.039247,29.001553,300.4555330283677
Modrić,1.0642458,17.72597,60.9767927045239
Modrić,-0.8721365,9.794897,310.0302593906887
Modrić,-1.5435922,14.705441,271.5586816506863
Modrić,0.7498049,47.6892,42.96065622822874
Modrić,1.6771892,31.075714,96.09586260492293
Modrić,-1.0013101,38.94663,302.6291572861776
Modrić,2.7357583,13.931619,156.74740435788493
Modrić,-0.76187307,12.024142,316.3478885643249
Modrić,-0.93804747,14.88086,306.25383898607527
Modrić,-1.9333405,9.304837,249.22774898828766
Modrić,0.48689923,17.311846,27.897270927169558
Modrić,-1.3340744,26.437284,283.5631673235524
Modrić,-1.5257818,11.111256,272.57914240212614
Modrić,2.2447698,20.349447,128.61583551842588
Modrić,0.3505674,14.267796,20.086032454874534
Modrić,0.71783197,9.426028,41.128742280561525
Modrić,-0.6113529,39.200256,324.97205903691656
Modrić,-1.9222411,6.3906183,249.8636977634152
Modrić,0.18207642,28.165583,10.432210414851372
Modrić,-1.7033478,6.053098,262.40536001710615
Modrić,-0.7910478,12.515989,314.67629966689117
Modrić,-1.6736071,38.000656,264.1093766068709
Modrić,-2.2961574,12.96341,228.43987188226765
Modrić,-1.253161,15.368799,288.19916364960625
Modrić,-0.08931399,6.726812,354.88268532152637
Modrić,-0.9810606,16.003124,303.78936817342776
Modrić,-0.4636476,13.416408,333.4349493386302
Modrić,-2.9319527,4.8052053,192.0114845580136
Modrić,-1.2838576,6.3600316,286.44037802420496
Modrić,-0.39934245,11.830892,337.1193630345859
Modrić,1.6373645,34.57658,93.81407537454828
Modrić,-1.5707964,20.1,269.9999958056565
Modrić,0.14797865,16.277899,8.47855210304358
Modrić,-1.2184296,23.75984,290.18912628618693
Pedri,1.8673421,33.878754,106.99082123709611
Pedri,1.2902052,29.972155,73.92331266583228
Pedri,1.6241645,46.866726,93.0577710849756
Pedri,1.541102,20.208908,88.2986403991702
Pedri,1.9620798,24.123226,112.41889160787265
Pedri,0.54937446,5.745433,31.476837930278666
Pedri,-0.6464394,20.420088,322.9617506690308
Pedri,-0.61346006,11.985408,324.85132766215776
Pedri,-2.5891738,8.575546,211.65126883415047
Pedri,2.377025,13.579396,136.1935002970845
Pedri,2.6984901,13.061394,154.61209378783548
Pedri,1.5031033,23.654175,86.12147526218644
Pedri,-1.3401904,11.812705,283.2127463360504
Pedri,1.7931867,20.40245,102.74202978899169
Pedri,-1.3113742,21.830482,284.8637929776553
Pedri,-0.94063765,26.9824,306.1054326038961
Pedri,2.9363604,25.025187,168.2410580493462
Pedri,-2.2974386,15.654073,228.36646452955546
Pedri,-1.5046281,16.636406,273.79116013321203
Pedri,1.696952,20.66422,97.22818763628408
Pedri,-1.4998047,22.556818,274.0675205961154
Pedri,2.0908105,14.288807,119.7946174116374
Pedri,0.28511775,18.132015,16.336043739266128
Pedri,-3.104709,27.118444,182.11327768371768
Pedri,1.5639782,44.001022,89.60935011046736
Pedri,1.2016674,14.689452,68.85047039845891
Pedri,-0.8346337,24.424782,312.1790115506119
Pedri,1.6873823,11.175867,96.67988421507772
Pedri,1.9823173,25.749758,113.57841494576867
Pedri,-2.3858888,14.289857,223.29864137246744
Pedri,1.902768,37.12708,109.02057579254863
Pedri,2.4097147,7.930952,138.0664821406333
Pedri,-2.9732301,35.806286,189.6464637487403
Pedri,1.9626497,13.092364,112.45154447261717
Pedri,-3.1372068,22.800219,180.25129090025746
Pedri,1.0823668,57.75301,62.01504952508047
Pedri,1.5707964,46.4,90.00000419434348
Pedri,1.6585702,12.548306,95.02907248616886
Pedri,-1.2736155,16.7335,287.0272071275559
Pedri,2.2693264,23.635778,130.02282505761687
Pedri,-0.33583412,11.2272,340.75812230750995
Pedri,2.1760385,20.915306,124.6778221079784
Pedri,1.5707964,19.8,90.00000419434348
Pedri,1.8958582,19.100262,108.62467341526913
Pedri,-0.6409566,15.720051,323.2758919689451
Pedri,1.6714169,20.90574,95.76513417683957
Pedri,1.3927034,15.241063,79.7960269335201
Pedri,-1.8629428,13.888484,253.26124008571577
Pedri,-0.8415737,28.96636,311.7813788407911
Pedri,1.6826464,27.773548,96.40853713288173
Pedri,-1.8650309,13.792751,253.1416007685145
Pedri,-1.0896066,12.747549,297.5701404904007
Pedri,1.8381517,23.847221,105.31833451479744
Pedri,-0.14825483,15.570806,351.5056239485705
Pedri,-0.114540696,11.374533,353.437301536709
Pedri,-0.9332475,20.160357,306.5288570088647
Pedri,1.1198599,10.555094,64.16324591594243
Pedri,-0.3888594,15.561812,337.7199975560105
Pedri,1.5707964,15.8,90.00000419434348
Pedri,1.8635094,30.497213,106.77122370295633
Pedri,-0.67567116,16.788687,321.28689419329146
Pedri,1.6911792,12.4903965,96.89743056031095
Pedri,1.5937281,21.805733,91.31389382140362
Pedri,1.5303122,39.53239,87.68043039737994
Pedri,2.3502774,11.950314,134.6609757049804
Pedri,1.3836904,20.965925,79.2796200727687
Pedri,-0.951635,21.36633,305.4753308630679
Pedri,2.2021453,23.041702,126.17363156457054
Pedri,-0.045014616,11.111256,357.4208524867979
Pedri,-1.5347109,27.718044,272.06754265727585
Pedri,-0.72414154,26.566332,318.5097459878961
Pedri,1.9206519,23.631546,110.04524778378264
Pedri,1.436243,23.108873,82.29066225520789
Pedri,-1.0832012,7.470609,297.9371428764938
Pedri,1.8692952,29.923235,107.10272562406313
Pedri,-1.0922614,18.024706,297.4180316549494
Pedri,1.6180797,31.73547,92.70913772579439
Pedri,1.5984572,25.309683,91.58485129229892
Pedri,-1.0659349,26.049952,298.9264289943005
Pedri,1.3972356,31.269794,80.05570286542928
Pedri,2.2789674,23.829813,130.5752136679025
Pedri,-0.821527,17.618456,312.92997014395604
Pedri,1.7454685,15.536408,100.00797832303054
Pedri,-0.89222187,28.517538,308.87945245973003
Pedri,-0.9964915,16.198765,302.9052427293393
Pedri,0.17779022,13.004999,10.186629244702399
Pedri,1.6824248,34.112316,96.39584038814162
Pedri,-0.62910753,23.622446,323.95479367110016
Pedri,-1.2192038,21.196697,290.1447678936879
Pedri,1.5832567,32.102493,90.71392679581032
Pedri,1.094049,30.72621,62.684390280508204
Pedri,1.271712,12.557467,72.86373035614095
Pedri,-0.99052554,10.761505,303.2470670580832
Pedri,1.2948358,46.97744,74.18862650244556
Pedri,2.6437702,15.706368,151.47687446245757
Pedri,-1.0897423,23.124447,297.5623654531208
Pedri,1.4423213,21.07368,82.63892319182226
Pedri,1.5836711,23.301931,90.73767016684056
Pedri,-1.1096997,17.53083,296.4188906630664
Pedri,1.6851599,14.897315,96.55255007468786
Pedri,-0.6287963,20.402206,323.97262583655805
Pedri,2.112715,22.877937,121.04965281398172
Pedri,1.4997698,25.36395,85.93047978117957
Pedri,-1.0561178,16.658031,299.48890739135845
Pedri,1.3353909,27.86862,76.51226257017656
Pedri,1.718775,32.555798,98.47855343259806
Pedri,2.914297,15.088075,166.97691834763728
Pedri,-1.1214627,21.870985,295.744920408654
Pedri,1.5289047,33.42933,87.59978658771527
Pedri,1.775491,34.929214,101.72814086346204
Pedri,1.7902796,26.639069,102.57546522836923
Pedri,-1.043853,25.452702,300.1916286679305
Pedri,-0.74276996,14.933519,317.44241614289905
Pedri,1.5927708,27.306593,91.25904457167574
Pedri,2.9979804,41.224384,171.77162398294234
Pedri,-0.77459943,32.74095,315.61872184776075
Eriksen,0.64246804,19.36001,36.81070716404216
Eriksen,-3.0796032,14.5279045,183.55173406501723
Eriksen,-0.45262876,16.234838,334.0662823657601
Eriksen,3.0742102,16.337074,176.1392697960687
Eriksen,2.4864058,11.980818,142.46055849684907
Eriksen,-1.784399,55.66507,257.76146833263545
Eriksen,1.7801304,47.640003,101.99395890293503
Eriksen,1.1483625,21.708294,65.796324601092
Eriksen,-2.9950008,15.061541,188.39909452169482
Eriksen,1.3397057,6.9856997,76.75948239961961
Eriksen,3.066733,16.044937,175.7108577934935
Eriksen,2.633856,15.220053,150.90883264520897
Eriksen,2.5153313,11.601724,144.11786756715475
Eriksen,0.84151894,6.303174,48.21548364232275
Eriksen,-1.0714496,3.7589893,298.61045995901975
Eriksen,-2.5482426,10.373042,213.99645384455636
Eriksen,3.1415927,14.4,180.000002659109
Eriksen,2.7217968,38.765965,155.94746933221302
Eriksen,2.6516354,15.3,151.92751722748386
Eriksen,-1.7915862,51.14147,257.349672106119
Eriksen,2.4301336,15.3153515,139.23639893293299
Eriksen,-1.9527268,65.1977,248.1169958179132
Eriksen,1.6028954,43.62247,91.8391414209339
Eriksen,2.1988347,19.402319,125.98394815691451
Eriksen,0.16896181,17.245579,9.680798611891307
Eriksen,1.3915335,15.142655,79.72899660106773
Eriksen,2.9915657,8.6977005,171.4040887460998
Eriksen,3.0123177,10.084146,172.59309076255528
Eriksen,1.401018,3.5510561,80.27241842185957
Eriksen,-3.069774,13.935925,184.11490574100725
Eriksen,-0.67196316,11.2445545,321.4993469437259
Eriksen,1.487655,16.858232,85.23635287153448
Eriksen,0.4555177,27.504545,26.09924170350638
Eriksen,2.8255131,16.728718,161.88997558892575
Eriksen,1.7966496,31.705204,102.94043934386755
Eriksen,2.6458275,22.282728,151.59474906964982
Eriksen,2.3850327,14.713939,136.65230771069142
Eriksen,2.916467,13.439122,167.10125018918066
Eriksen,1.230503,22.171377,70.50262857818633
Eriksen,2.2367656,10.682696,128.1572286400473
Eriksen,-2.385973,16.62438,223.29381706783244
Eriksen,0.97704667,9.651943,55.980650578311305
Eriksen,-2.310612,20.173498,227.61168430771784
Eriksen,-1.3561114,27.224989,282.3005402304226
Eriksen,1.6262949,9.013878,93.17983401365026
Eriksen,2.7318347,10.793516,156.52259863738738
Eriksen,-3.0155969,15.119855,187.21902491726544
Eriksen,-3.0341647,10.259142,186.15516834242243
Eriksen,-1.6311879,43.078533,266.5398177371922
Eriksen,-0.56796074,12.455521,327.4582466688729
Eriksen,-1.5355686,22.714092,272.0184000671875
Eriksen,-1.3203533,13.315405,284.34932844382934
Eriksen,1.2662854,33.019085,72.55280907903524
Eriksen,-1.3521274,21.204952,282.5288066160027
Eriksen,0.67114383,21.708294,38.453708905245605
Eriksen,2.4393358,11.92057,139.76364615516826
Eriksen,-0.6727548,15.726728,321.4539893128322
Eriksen,2.8006136,9.868131,160.46333932693975
Eriksen,2.6779451,10.062305,153.4349519977392
Eriksen,-2.4537103,26.145746,219.41275566222092
Eriksen,1.4251679,15.160475,81.65610576752255
Eriksen,2.0795262,17.86197,119.14807464687794
Eriksen,0.98728806,12.342204,56.56743900165879
Eriksen,-1.3473197,13.536617,282.8042675351678
Eriksen,-1.4267039,25.767033,278.25588791514537
Eriksen,1.8081377,47.635387,103.59865898849179
